Afghanistan;af
Albania;al
Algeria;dz
American Samoa;as
Andorra;ad
Angola;ao
Anguilla;ai
Antigua and Barbuda;ag
Argentina;ar
Armenia;am
Aruba;aw
Australia;au
Austria;at
Azerbaijan;az
Bahamas;bs
Bahrain;bh
Bangladesh;bd
Barbados;bb
Belarus;by
Belgium;be
Belize;bz
Benin;bj
Bermuda;bm
Bhutan;bt
Bolivia;bo
Bosnia and Herzegovina;ba
Botswana;bw
Brazil;br
British Virgin Islands;vg
Brunei Darussalam;bn
Bulgaria;bg
Burkina Faso;bf
Burundi;bi
Cabo Verde;cv
Cambodia;kh
Cameroon;cm
Canada;ca
Cayman Islands;ky
Central African Republic;cf
Chad;td
Chile;cl
China PR;cn
Chinese Taipei;
Colombia;co
Comoros;km
Congo;cg
Congo DR;cd
Cook Islands;ck
Costa Rica;cr
Côte d'Ivoire;ci
Croatia;hr
Cuba;cu
Curaçao;cw
Cyprus;cy
Czech Republic;cz
Denmark;dk
Djibouti;dj
Dominica;dm
Dominican Republic;do
Ecuador;ec
Egypt;eg
El Salvador;sv
England;gb-eng
Equatorial Guinea;gq
Eritrea;er
Estonia;ee
Eswatini;sz
Ethiopia;et
Faroe Islands;fo
Fiji;fj
Finland;fi
France;fr
Gabon;ga
Gambia;gm
Georgia;ge
Germany;de
Ghana;gh
Gibraltar;gi
Greece;gr
Grenada;gd
Guam;gu
Guatemala;gt
Guinea;gn
Guinea-Bissau;gw
Guyana;gy
Haiti;ht
Honduras;hm
Hong Kong;hk
Hungary;hu
Iceland;is
India;in
Indonesia;id
IR Iran;ir
Iraq;iq
Israel;il
Italy;it
Jamaica;jm
Japan;jp
Jordan;jo
Kazakhstan;kz
Kenya;ke
Korea DPR;kp
Korea Republic;kr
Kosovo;xk
Kuwait;kw
Kyrgyz Republic;kg
Laos;la
Latvia;lv
Lebanon;lb
Lesotho;ls
Liberia;lr
Libya;ly
Liechtenstein;li
Lithuania;lt
Luxembourg;lu
Macau;mo
Madagascar;mg
Malawi;mw
Malaysia;my
Maldives;mv
Mali;ml
Malta;mt
Mauritania;mr
Mauritius;mu
Mexico;mx
Moldova;md
Mongolia;mn
Montenegro;me
Montserrat;ms
Morocco;ma
Mozambique;mz
Myanmar;mm
Namibia;na
Nepal;nep
Netherlands;nl
New Caledonia;nc
New Zealand;nz
Nicaragua;ni
Niger;ne
Nigeria;ng
North Macedonia;mk
Northern Ireland;nf
Norway;no
Oman;om
Pakistan;pk
Palestine;ps
Panama;pa
Papua New Guinea;pg
Paraguay;py
Peru;pe
Philippines;ph
Poland;pl
Portugal;pt
Puerto Rico;pr
Qatar;qa
Republic of Ireland;ie
Romania;ro
Russia;ru
Rwanda;rw
Samoa;ws
San Marino;sm
São Tomé and Príncipe;st
Saudi Arabia;sa
Scotland;gb-sct
Senegal;sn
Serbia;rs
Seychelles;sc
Sierra Leone;sl
Singapore;sg
Slovakia;sk
Slovenia;si
Solomon Islands;sb
Somalia;so
South Africa;za
South Sudan;ss
Spain;es
Sri Lanka;lk
St. Kitts and Nevis;kn
St. Lucia;lc
St. Vincent and the Grenadines;vc
Sudan;sd
Suriname;sr
Sweden;se
Switzerland;ch
Syria;sy
Tahiti;
Tajikistan;tj
Tanzania;tz
Thailand;th
Timor-Leste;tl
Togo;tg
Tonga;to
Trinidad and Tobago;tt
Tunisia;tn
Turkey;tr
Turkmenistan;tm
Turks and Caicos Islands;tc
Uganda;ug
Ukraine;ua
United Arab Emirates;ae
Uruguay;uy
US Virgin Islands;vi
USA;us
Uzbekistan;uz
Vanuatu;vu
Venezuela;ve
Vietnam;vn
Wales;gb-wls
Yemen;ye
Zambia;zm
Zimbabwe;zw